-- BADGES
INSERT INTO badges (name, description, type, is_active) VALUES
('GUARDIAN_DE_LA_ENERGIA', 'OTORGADA_POR_COMPLETAR_TODOS_LOS_DESAFÍOS_DE_EFICIENCIA_ENERGÉTICA.', 'ENERGY_EFFICIENCY', true),
('MAESTRO_DEL_RECICLAJE', 'OTORGADA_POR_DOMINAR_LA_GESTIÓN_DE_RESIDUOS.', 'WASTE_MANAGEMENT', true),
('VIAJERO_SOSTENIBLE', 'OTORGADA_POR_PREFERIR_LA_MOVILIDAD_SOSTENIBLE.', 'SUSTAINABLE_MOBILITY', true),
('CONSUMIDOR_CONSCIENTE', 'OTORGADA_POR_PRACTICAR_EL_CONSUMO_RESPONSABLE.', 'RESPONSIBLE_CONSUMPTION', true),
('DEFENSOR_DEL_AGUA', 'OTORGADA_POR_TUS_ESFUERZOS_EN_LA_CONSERVACIÓN_DEL_AGUA.', 'WATER_CONSERVATION', true),
('REDUCTOR_DE_CARBONO', 'OTORGADA_POR_DISMINUIR_TU_HUELLA_DE_CARBONO.', 'CARBON_FOOTPRINT', true);

-- TASKS
INSERT INTO tasks (title, description, type, required_repetitions, is_active) VALUES
('APAGA_LAS_LUCES', 'APAGA_LAS_LUCES_EN_HABITACIONES_VACÍAS.', 'ENERGY_EFFICIENCY', 10, true),
('SEPARA_TUS_RESIDUOS', 'SEPARA_CORRECTAMENTE_LOS_RESIDUOS_RECICLABLES_DE_LOS_NO_RECICLABLES.', 'WASTE_MANAGEMENT', 15, true),
('CAMINA_O_USA_LA_BICICLETA', 'ELIGE_CAMINAR_O_IR_EN_BICICLETA_PARA_TRAYECTOS_CORTOS.', 'SUSTAINABLE_MOBILITY', 5, true),
('COMPRA_A_GRANEL', 'REDUCE_EMPAQUES_COMPRANDO_ALIMENTOS_A_GRANEL.', 'RESPONSIBLE_CONSUMPTION', 8, true),
('DUCHAS_CORTAS', 'REDUCE_TU_TIEMPO_EN_LA_DUCHA_A_5_MINUTOS_O_MENOS.', 'WATER_CONSERVATION', 10, true),
('CALCULA_TU_HUELLA', 'USA_UNA_CALCULADORA_EN_LÍNEA_PARA_MEDIR_TU_HUELLA_DE_CARBONO.', 'CARBON_FOOTPRINT', 1, true);

-- LESSONS
INSERT INTO lessons (title, description, type, is_active) VALUES
('INTRO_EFICIENCIA_ENERGETICA', 'APRENDE_CONCEPTOS_BÁSICOS_PARA_AHORRAR_ENERGÍA_EN_CASA.', 'ENERGY_EFFICIENCY', true),
('EL_ARTE_DE_RECICLAR', 'DESCUBRE_CÓMO_Y_POR_QUÉ_ES_CRUCIAL_SEPARAR_LOS_RESIDUOS.', 'WASTE_MANAGEMENT', true),
('FUTURO_MOVILIDAD_SOSTENIBLE', 'EXPLORA_ALTERNATIVAS_DE_TRANSPORTE_AMIGABLES_CON_EL_PLANETA.', 'SUSTAINABLE_MOBILITY', true),
('COMPRANDO_CON_CONCIENCIA', 'GUÍA_PARA_TOMAR_DECISIONES_DE_COMPRA_MÁS_RESPONSABLES.', 'RESPONSIBLE_CONSUMPTION', true),
('CADA_GOTA_CUENTA', 'CONSEJOS_PRÁCTICOS_PARA_NO_DESPERDICIAR_AGUA.', 'WATER_CONSERVATION', true),
('QUE_ES_HUELLA_DE_CARBONO', 'ENTIENDE_QUÉ_ES_Y_CÓMO_PUEDES_REDUCIR_TU_IMPACTO.', 'CARBON_FOOTPRINT', true);

-- QUESTIONS
-- Assuming lesson IDs are 1-6 in the order they were inserted above.
INSERT INTO questions (lesson_id, question) VALUES
(1, '¿CUÁL_DE_LAS_SIGUIENTES_ES_UNA_FORMA_EFECTIVA_DE_AHORRAR_ENERGÍA_EN_CASA?'),
(2, '¿QUÉ_SIGNIFICAN_LAS_TRES_FLECHAS_DEL_SÍMBOLO_DE_RECICLAJE?'),
(3, '¿CUÁL_ES_EL_MEDIO_DE_TRANSPORTE_MÁS_SOSTENIBLE_PARA_DISTANCIAS_CORTAS?'),
(4, '¿QUÉ_ES_UNA_VENTAJA_DE_COMPRAR_PRODUCTOS_LOCALES?'),
(5, '¿CUÁL_DE_ESTAS_ACCIONES_AYUDA_A_CONSERVAR_MÁS_AGUA_EN_EL_HOGAR?'),
(6, '¿QUÉ_MIDE_LA_HUELLA_DE_CARBONO?');

-- ANSWERS
-- Assuming question IDs are 1-6 in the order they were inserted above.
-- Question 1 Answers
INSERT INTO answers (question_id, answer, is_correct) VALUES
(1, 'DEJAR_LAS_LUCES_ENCENDIDAS_EN_HABITACIONES_VACÍAS.', false),
(1, 'USAR_BOMBILLAS_INCANDESCENTES_EN_LUGAR_DE_LED.', false),
(1, 'DESCONECTAR_APARATOS_ELECTRÓNICOS_CUANDO_NO_SE_USAN.', true),
(1, 'PONER_LA_CALEFACCIÓN_AL_MÁXIMO_EN_INVIERNO.', false);

-- Question 2 Answers
INSERT INTO answers (question_id, answer, is_correct) VALUES
(2, 'COMPRAR,_USAR,_TIRAR.', false),
(2, 'REDUCIR,_REUTILIZAR,_RECICLAR.', true),
(2, 'PLÁSTICO,_PAPEL,_VIDRIO.', false),
(2, 'ES_SOLO_UN_LOGO_DECORATIVO_SIN_SIGNIFICADO.', false);

-- Question 3 Answers
INSERT INTO answers (question_id, answer, is_correct) VALUES
(3, 'COCHE_DE_GASOLINA.', false),
(3, 'MOTOCICLETA.', false),
(3, 'BICICLETA_O_CAMINAR.', true),
(3, 'AVIÓN_PRIVADO.', false);

-- Question 4 Answers
INSERT INTO answers (question_id, answer, is_correct) VALUES
(4, 'SUELEN_TENER_MÁS_CONSERVANTES.', false),
(4, 'AUMENTAN_LA_CONTAMINACIÓN_POR_TRANSPORTE.', false),
(4, 'APOYAN_LA_ECONOMÍA_LOCAL_Y_REDUCEN_LA_HUELLA_DE_CARBONO_DEL_TRANSPORTE.', true),
(4, 'SON_MÁS_DIFÍCILES_DE_ENCONTRAR.', false);

-- Question 5 Answers
INSERT INTO answers (question_id, answer, is_correct) VALUES
(5, 'TOMAR_BAÑOS_LARGOS_EN_TINA_TODOS_LOS_DÍAS.', false),
(5, 'DEJAR_EL_GRIFO_ABIERTO_AL_CEPILLARSE_LOS_DIENTES.', false),
(5, 'REPARAR_LAS_FUGAS_DE_AGUA_TAN_PRONTO_COMO_SE_DETECTAN.', true),
(5, 'REGAR_EL_JARDÍN_DURANTE_LAS_HORAS_DE_MÁS_CALOR.', false);

-- Question 6 Answers
INSERT INTO answers (question_id, answer, is_correct) VALUES
(6, 'LA_CANTIDAD_DE_ZAPATOS_QUE_POSEE_UNA_PERSONA.', false),
(6, 'EL_TOTAL_DE_GASES_DE_EFECTO_INVERNADERO_EMITIDOS_DIRECTA_O_INDIRECTAMENTE_POR_UN_INDIVIDUO,_ORGANIZACIÓN,_EVENTO_O_PRODUCTO.', true),
(6, 'LA_DISTANCIA_QUE_UNA_PERSONA_CAMINA_CADA_DÍA.', false),
(6, 'EL_PESO_TOTAL_DE_LA_BASURA_QUE_GENERA_UNA_FAMILIA.', false);
